,Age,Hours per day,While working,Instrumentalist,Composer,Exploratory,Foreign languages,Frequency [Classical],Frequency [Country],Frequency [EDM],Frequency [Folk],Frequency [Gospel],Frequency [Hip hop],Frequency [Jazz],Frequency [K pop],Frequency [Latin],Frequency [Lofi],Frequency [Metal],Frequency [Pop],Frequency [R&B],Frequency [Rap],Frequency [Rock],Frequency [Video game music],Depression
0,18.0,3.0,1,1,1,1,1,1,0,1,0,0,2,0,3,3,1,0,3,2,3,0,2,0
1,63.0,1.5,1,0,0,1,0,2,0,0,1,2,1,3,1,2,1,0,2,2,1,3,1,0
2,18.0,4.0,0,0,0,0,1,0,0,3,0,0,1,1,3,0,2,2,1,0,1,1,3,1
3,61.0,2.5,1,0,1,1,1,2,0,0,1,2,0,3,2,3,2,0,2,2,0,0,0,1
4,18.0,4.0,1,0,0,1,0,0,0,1,0,1,3,0,3,2,2,0,2,3,3,0,1,0
5,18.0,5.0,1,1,1,1,1,1,2,0,0,0,2,3,3,1,3,1,3,3,3,3,0,1
6,18.0,3.0,1,1,0,1,1,2,0,1,2,1,1,2,0,1,1,1,1,1,0,0,2,1
7,21.0,1.0,1,0,0,1,1,0,0,1,0,0,3,1,3,0,2,0,2,2,1,0,1,0
8,19.0,6.0,1,0,0,0,0,0,3,0,2,0,0,0,0,0,0,3,0,0,0,3,0,0
9,18.0,1.0,1,0,0,1,1,1,1,1,1,2,1,1,0,1,1,0,2,2,1,2,2,0
10,18.0,3.0,1,1,0,1,0,0,3,0,0,0,0,0,0,0,0,0,1,1,0,1,0,1
11,19.0,8.0,1,0,0,1,0,1,0,3,0,0,2,1,1,1,1,0,1,1,2,1,1,0
13,19.0,2.0,1,0,0,1,0,0,3,1,2,0,2,0,0,0,1,0,1,0,3,0,0,0
14,18.0,4.0,1,1,0,1,1,3,1,0,0,0,0,3,0,2,1,2,2,0,0,2,1,0
15,17.0,2.0,0,0,0,1,1,1,1,0,0,0,2,1,1,1,1,1,3,1,2,2,1,0
16,16.0,8.0,1,0,0,1,1,0,0,0,0,0,3,0,0,0,0,0,0,2,3,0,1,1
17,16.0,10.0,1,0,1,1,1,1,0,2,1,0,3,1,0,0,0,2,2,1,2,3,0,1
18,17.0,10.0,1,0,0,1,0,1,0,0,0,0,2,2,2,1,0,2,1,2,3,3,0,0
19,15.0,3.0,0,0,0,0,0,0,0,0,0,0,3,1,0,0,0,1,1,2,3,1,0,0
20,15.0,8.0,1,0,0,1,1,1,0,2,1,0,3,2,3,2,1,1,3,1,3,2,2,1
21,17.0,4.0,1,0,0,1,0,0,1,1,0,0,2,0,0,0,1,1,2,0,3,2,0,1
22,19.0,5.0,1,0,0,1,1,1,1,2,3,1,3,2,0,0,1,1,1,3,3,2,1,1
23,18.0,2.0,1,0,0,0,1,1,1,2,0,0,1,0,1,2,0,0,3,0,0,0,1,0
24,16.0,3.0,1,1,1,1,1,1,1,0,1,2,2,2,0,1,0,2,0,2,1,3,2,0
25,18.0,2.0,0,0,0,1,1,2,1,1,3,1,1,1,3,0,2,0,3,2,2,2,0,0
26,14.0,10.0,1,1,1,1,1,2,2,1,1,1,3,2,0,0,3,0,3,3,3,3,2,0
27,18.0,6.0,1,1,1,0,1,2,1,1,1,1,2,2,0,0,0,0,3,2,2,0,0,0
28,17.0,2.0,1,1,0,1,1,0,3,1,1,0,0,1,2,3,1,1,3,1,0,2,2,0
29,17.0,1.0,1,0,0,1,0,1,0,0,1,0,0,2,0,0,0,2,2,0,0,2,0,0
30,20.0,5.0,1,1,0,1,1,0,1,1,3,0,3,2,0,2,2,3,2,2,2,3,1,1
31,19.0,2.0,1,0,0,0,0,3,0,0,0,0,1,1,0,0,2,0,3,0,0,0,3,0
32,19.0,6.0,1,1,0,1,1,0,0,0,1,0,1,2,1,0,2,3,2,0,0,2,2,1
33,17.0,4.0,0,0,0,1,1,1,1,1,3,0,2,1,1,0,1,1,3,1,2,3,1,0
34,16.0,1.0,1,0,0,0,0,3,0,0,1,0,0,0,0,0,0,1,0,0,0,0,1,0
35,18.0,5.0,1,1,0,1,0,2,1,2,1,2,2,1,2,1,2,1,3,2,2,1,0,0
36,21.0,4.0,1,0,0,0,1,0,0,1,0,0,2,0,1,1,0,0,3,0,1,0,0,1
37,17.0,3.0,1,0,0,1,0,0,0,2,0,0,3,1,2,0,0,1,3,2,3,3,0,0
38,26.0,0.5,0,0,0,0,1,1,0,1,2,0,0,1,0,0,0,0,1,0,0,3,0,1
39,20.0,4.0,1,0,0,1,0,1,1,3,2,1,2,1,2,0,2,1,3,3,2,3,1,0
40,23.0,2.0,1,1,1,1,0,2,1,0,1,2,0,2,1,1,1,1,2,2,1,2,3,0
41,18.0,5.0,1,1,0,1,0,3,0,0,2,0,2,2,1,0,2,3,2,1,2,3,2,0
42,37.0,0.25,0,0,0,1,0,3,1,0,1,0,1,2,0,1,0,0,3,2,0,2,2,0
43,17.0,3.0,1,0,0,1,1,3,0,3,0,0,3,2,2,1,2,0,2,3,3,1,2,0
44,18.0,4.0,1,0,0,1,1,1,0,0,0,0,3,1,0,0,0,3,2,2,3,3,3,0
45,17.0,1.0,1,1,1,0,0,0,2,1,3,0,1,0,0,1,1,1,1,1,2,2,2,0
46,36.0,1.0,0,1,1,0,0,3,2,0,1,0,0,0,0,0,0,2,1,0,0,2,0,1
47,24.0,3.0,1,0,0,1,1,1,0,1,2,0,0,0,1,0,3,1,2,0,0,3,2,0
48,18.0,5.0,1,0,1,1,1,0,0,1,1,0,3,1,0,1,1,3,2,1,3,3,0,1
49,19.0,3.0,1,0,0,0,1,2,1,2,0,0,3,2,1,0,2,1,3,2,2,2,2,0
50,17.0,2.0,1,1,0,1,0,0,1,3,0,0,1,0,0,1,1,3,2,2,2,3,1,0
51,16.0,6.0,1,0,0,1,1,1,0,0,1,2,3,1,3,3,3,0,2,3,3,1,0,1
52,23.0,1.0,0,0,0,0,1,2,1,2,1,0,3,3,0,0,0,2,1,1,3,3,1,0
53,23.0,10.0,1,0,0,1,1,3,1,0,3,0,1,2,1,1,1,0,3,2,1,1,0,1
54,22.0,4.0,1,0,1,1,1,1,0,1,2,0,1,1,0,0,1,2,3,2,1,3,1,1
55,16.0,2.0,1,1,0,1,0,3,0,0,0,0,1,2,0,0,0,0,1,1,1,2,1,0
56,18.0,6.0,1,0,0,1,0,1,0,0,1,0,0,0,0,0,0,3,1,0,2,3,0,0
58,23.0,7.0,1,0,0,1,1,1,3,0,3,3,2,1,0,1,0,2,2,1,1,1,2,0
59,23.0,1.0,1,1,0,0,0,2,2,2,1,0,1,2,1,1,3,0,2,3,1,2,3,0
60,19.0,1.0,0,1,0,1,1,0,0,0,0,0,0,2,3,0,0,0,0,0,0,0,1,0
61,22.0,1.0,0,1,0,1,0,1,0,2,1,0,0,3,0,0,0,0,2,1,0,3,1,1
62,15.0,2.0,1,1,0,0,0,0,0,1,1,0,0,0,0,0,1,2,2,0,0,3,2,0
63,25.0,2.0,0,0,0,0,1,1,1,1,2,0,1,0,1,0,1,3,2,0,1,3,3,0
64,32.0,5.0,1,0,0,0,1,2,0,1,2,0,2,1,1,0,0,3,3,3,1,3,0,1
65,36.0,6.0,1,0,0,1,1,3,0,1,3,0,0,0,2,0,1,3,1,0,0,2,3,0
66,24.0,3.0,0,0,0,1,1,2,2,0,1,0,0,1,0,1,0,3,3,0,0,3,0,0
67,29.0,4.0,0,0,0,1,0,1,2,1,0,1,3,1,1,1,1,0,2,2,2,2,0,1
68,41.0,3.0,1,1,1,1,1,2,0,2,0,0,1,1,0,0,2,2,2,0,1,1,0,1
69,36.0,2.0,1,1,1,1,0,2,1,3,2,1,1,3,0,0,0,3,2,1,1,3,2,0
70,19.0,3.0,1,0,0,1,0,1,2,2,1,0,2,1,0,2,2,2,2,3,3,3,1,1
71,31.0,2.0,1,0,0,1,1,0,2,0,1,2,0,2,1,0,0,2,3,0,0,3,0,0
72,16.0,4.0,1,0,0,0,1,2,1,1,2,0,1,1,1,1,2,2,3,1,1,3,3,1
73,26.0,2.0,1,1,1,1,1,1,1,3,1,1,3,1,1,1,1,1,2,1,3,3,1,0
74,22.0,0.5,0,0,0,0,0,2,0,0,0,0,3,1,0,1,0,0,2,2,3,0,0,1
75,16.0,5.0,1,1,1,1,1,2,1,0,0,1,1,3,3,1,0,0,3,1,3,2,0,1
76,17.0,5.0,1,0,0,1,1,0,2,1,1,0,0,0,0,0,0,3,1,0,0,3,2,0
77,19.0,10.0,1,0,0,1,1,0,1,3,0,0,2,0,3,0,0,0,1,3,1,0,0,0
78,18.0,2.0,0,0,0,0,1,2,1,3,0,1,1,1,0,0,2,0,3,1,2,1,3,0
79,18.0,4.0,1,0,0,1,1,0,0,1,0,0,3,2,2,1,2,0,3,3,3,2,1,1
80,19.0,5.0,0,1,1,1,1,1,0,0,1,0,2,3,0,3,1,2,1,2,1,3,1,1
81,19.0,3.0,1,0,0,1,0,1,0,1,0,0,3,3,1,2,3,0,2,2,2,1,3,0
82,22.0,2.0,1,0,0,1,1,0,0,3,0,0,2,0,3,0,0,0,2,0,2,3,1,1
83,16.0,2.5,1,1,1,1,1,1,2,0,3,0,1,2,0,2,2,1,3,1,0,3,1,0
84,19.0,3.0,1,0,0,1,1,1,0,2,0,0,3,1,3,1,1,1,3,3,3,1,3,0
85,37.0,1.0,1,0,0,0,0,1,1,1,1,0,1,1,1,0,1,1,2,1,1,3,0,1
86,14.0,7.0,1,1,0,0,0,1,0,3,0,0,0,3,0,2,0,0,2,0,0,3,3,0
87,33.0,1.0,0,0,0,0,1,1,2,2,0,0,2,0,0,1,0,3,2,1,2,2,2,0
88,26.0,1.0,0,0,0,0,0,1,2,0,2,0,3,3,0,0,0,3,3,3,3,3,0,0
89,32.0,3.0,1,0,0,0,0,0,0,1,0,0,3,0,0,2,1,0,2,3,3,1,0,0
90,30.0,5.0,1,1,0,1,0,2,1,0,2,0,1,0,0,0,0,3,2,0,0,3,0,0
91,43.0,6.0,1,1,1,1,1,2,1,3,1,1,1,1,2,1,3,1,2,1,0,2,3,0
92,24.0,4.0,1,0,0,1,1,3,1,1,0,0,1,1,0,0,0,2,3,1,0,3,1,0
93,36.0,1.0,1,0,0,1,0,2,1,0,0,0,0,0,0,0,0,1,2,1,1,3,0,0
94,19.0,4.0,1,0,0,1,0,1,0,1,0,0,1,2,0,0,2,0,2,0,0,1,3,0
95,22.0,10.0,1,0,0,1,1,1,3,0,3,0,0,1,0,0,0,3,1,0,1,2,2,0
96,20.0,3.0,0,0,1,1,1,1,2,3,0,0,2,0,1,0,2,0,2,0,2,2,1,0
97,31.0,2.0,0,0,0,1,0,1,1,0,1,0,1,1,0,0,1,2,2,0,1,3,0,1
98,19.0,4.0,1,0,0,1,1,2,0,0,0,0,2,2,1,0,0,2,2,1,2,3,1,0
99,15.0,8.0,1,0,0,0,0,0,0,0,0,0,0,0,0,0,0,2,1,0,0,3,1,1
100,18.0,2.0,0,1,1,1,1,0,0,1,0,0,2,0,0,0,0,3,2,0,1,3,1,0
101,25.0,0.5,0,1,0,0,0,3,0,0,0,1,0,2,0,2,0,1,1,1,0,3,2,0
102,17.0,5.0,1,0,0,1,0,0,1,0,0,0,2,0,0,0,1,3,2,2,2,3,1,1
103,28.0,1.0,0,0,0,1,0,1,0,3,2,0,0,0,0,0,1,1,1,0,0,2,1,0
104,20.0,3.0,1,0,0,1,1,0,0,1,0,0,1,0,2,0,1,1,2,2,1,3,2,1
105,21.0,2.0,1,1,0,1,1,2,1,0,3,0,0,1,0,0,1,3,1,0,1,2,3,0
106,41.0,3.0,1,0,0,0,1,2,0,1,1,1,3,2,1,1,0,1,3,3,2,3,0,1
107,20.0,2.0,1,1,0,1,0,0,0,2,0,0,1,0,0,0,0,0,3,0,1,3,2,0
108,34.0,4.0,1,0,0,1,1,1,0,2,0,0,2,1,0,0,0,3,1,0,2,2,1,1
109,21.0,3.0,1,0,1,1,0,2,1,0,2,0,0,0,0,0,0,3,3,0,0,3,1,0
110,23.0,2.0,1,0,0,1,1,1,0,0,1,0,0,0,0,0,2,3,1,0,0,2,1,0
111,16.0,3.0,0,0,0,0,0,1,0,0,0,0,2,1,0,1,0,0,3,2,1,0,0,0
112,19.0,4.0,1,0,0,1,0,1,1,1,1,0,2,1,1,0,0,1,3,1,2,2,2,1
113,22.0,2.0,1,1,0,1,1,2,0,0,1,0,2,2,0,2,1,1,3,2,2,3,2,0
114,19.0,8.0,1,0,0,1,1,3,0,1,0,0,2,2,3,0,3,0,3,2,1,1,1,0
115,23.0,4.0,1,0,0,1,1,1,0,2,2,0,3,1,3,2,3,1,3,3,3,2,2,0
116,23.0,2.0,0,1,0,0,1,0,0,1,0,0,1,1,0,0,0,3,0,0,1,2,0,0
117,22.0,1.0,0,0,1,1,0,0,0,3,0,1,2,2,0,0,0,0,3,3,2,2,0,1
118,17.0,3.0,1,0,0,1,0,1,2,2,2,0,1,1,1,0,3,2,3,3,2,3,2,1
119,28.0,0.5,0,0,0,1,0,1,2,0,3,0,1,1,0,0,0,0,2,0,1,3,1,1
120,23.0,2.0,0,0,0,1,1,0,0,0,0,0,2,0,2,0,0,3,3,0,2,3,2,1
121,19.0,3.0,1,0,0,1,1,0,2,2,0,0,3,0,0,0,1,1,1,1,2,3,2,0
122,17.0,2.0,1,1,1,1,1,1,0,2,2,0,3,2,1,1,1,3,1,1,3,3,0,1
123,21.0,1.0,0,0,0,1,0,0,1,0,1,0,2,1,0,0,3,2,1,2,2,3,1,0
124,29.0,5.0,1,0,0,1,1,1,0,0,1,0,0,3,0,1,1,1,0,2,0,3,2,0
125,22.0,10.0,0,1,1,0,1,2,2,3,3,0,0,1,0,0,0,1,0,1,0,2,2,1
126,18.0,4.0,1,1,1,1,1,2,1,2,1,0,1,2,2,2,2,3,3,1,1,3,3,0
127,13.0,2.0,1,1,1,1,0,1,0,2,3,1,2,0,0,0,2,2,3,1,3,3,3,1
128,24.0,1.0,0,0,0,1,0,2,0,1,1,0,1,0,0,0,0,3,2,2,2,3,1,0
129,35.0,6.0,1,0,0,1,1,2,1,2,3,0,1,2,1,1,2,2,2,1,1,3,2,0
130,29.0,1.0,1,1,0,1,0,2,0,0,1,2,0,1,0,0,0,0,2,1,0,2,2,0
131,28.0,6.0,1,0,0,0,0,2,1,0,2,0,1,1,0,1,1,2,2,2,1,3,3,1
132,32.0,7.0,1,0,0,1,1,2,0,1,0,0,2,1,0,0,1,1,3,3,3,3,3,1
133,32.0,1.0,0,0,0,1,0,1,0,3,1,1,2,1,0,1,1,0,2,1,1,1,0,0
134,21.0,3.0,1,1,0,1,0,0,0,0,3,0,2,0,0,0,2,3,1,0,1,3,2,1
135,18.0,2.0,1,1,0,0,1,0,0,2,0,0,1,0,0,0,1,0,1,0,0,2,3,0
136,19.0,3.0,1,1,0,1,0,3,1,0,0,0,0,0,1,0,2,0,3,0,0,1,2,0
137,18.0,2.0,1,1,0,1,1,1,1,0,0,0,1,0,3,1,1,1,3,1,1,1,0,0
138,16.0,3.0,1,0,1,0,0,1,2,2,0,0,1,0,2,0,2,0,3,0,1,3,1,0
139,25.0,1.5,1,0,0,0,0,2,1,1,2,0,1,0,0,0,1,1,3,3,1,3,0,0
140,17.0,4.0,1,0,0,1,1,3,0,0,0,2,2,1,2,0,3,0,3,2,2,1,3,1
141,16.0,2.0,1,0,0,1,1,3,0,0,0,0,3,0,2,0,1,0,3,3,3,0,2,1
142,27.0,10.0,1,0,0,1,1,2,0,2,0,0,2,1,0,0,1,3,3,1,2,3,1,0
143,53.0,7.0,1,0,0,1,1,3,2,3,1,1,2,2,1,2,1,1,3,3,1,3,1,0
144,25.0,1.0,1,0,0,0,0,0,0,3,0,0,1,0,1,0,1,0,0,0,0,1,1,1
145,34.0,2.0,0,0,0,0,0,0,0,1,0,0,0,0,0,0,0,3,1,0,0,2,0,1
146,22.0,6.0,1,1,1,1,1,2,1,3,3,1,3,3,1,2,2,2,3,3,3,2,2,1
147,17.0,2.0,1,1,1,1,0,2,0,0,0,0,1,2,0,0,1,2,3,0,1,3,1,0
148,26.0,3.0,1,1,0,1,0,1,1,0,3,1,1,2,0,0,1,1,2,2,1,2,2,1
149,19.0,8.0,1,0,0,1,0,0,0,3,0,0,2,0,1,0,0,1,2,2,2,2,0,1
150,21.0,3.0,1,0,0,1,1,1,3,2,1,0,3,1,0,3,2,1,3,3,3,2,2,1
151,32.0,3.0,1,1,1,1,1,1,1,2,3,0,2,1,0,2,3,1,2,3,1,3,1,0
152,21.0,3.0,1,0,0,0,0,0,0,0,2,2,2,2,0,1,0,1,1,1,2,3,3,1
153,25.0,2.0,0,1,0,0,0,1,0,0,1,0,2,0,0,2,0,0,3,2,3,3,1,1
154,26.0,1.0,0,0,0,0,0,1,0,1,1,0,1,1,0,0,1,2,2,1,2,3,0,1
155,21.0,2.0,1,1,0,1,1,1,0,0,2,0,1,0,0,0,1,3,1,0,1,3,2,0
156,17.0,2.0,1,1,0,0,1,1,0,0,0,0,1,3,3,0,3,0,3,3,2,0,2,0
157,28.0,4.0,1,0,0,1,1,1,2,1,1,0,2,2,1,0,0,2,2,1,1,3,2,1
158,41.0,4.0,1,0,0,1,0,1,0,2,3,0,3,2,1,1,2,1,3,3,2,3,1,0
159,18.0,1.0,1,1,0,1,1,1,0,1,0,0,2,0,0,0,0,3,1,0,2,3,2,1
160,22.0,2.0,0,0,0,0,1,2,0,0,0,0,1,0,3,3,2,0,2,3,1,1,2,0
161,18.0,2.0,1,0,0,0,1,1,0,0,0,0,0,0,3,0,1,0,3,2,0,0,0,0
162,49.0,1.0,1,0,0,1,0,2,0,3,2,0,2,1,1,1,2,2,2,1,1,3,2,1
163,21.0,3.0,1,1,1,1,0,2,1,1,2,0,1,1,1,0,2,3,3,1,2,3,2,0
164,27.0,10.0,1,0,0,1,1,0,1,2,2,0,2,1,1,1,2,3,3,2,2,3,2,1
165,19.0,1.0,0,0,1,1,1,0,0,0,0,0,1,0,0,0,2,3,2,1,1,3,0,0
166,27.0,3.0,1,0,0,1,1,2,0,0,1,0,2,1,0,0,1,3,0,1,2,2,1,0
167,27.0,1.5,1,0,0,0,0,0,0,0,1,0,2,0,1,0,1,3,2,0,2,3,2,0
168,19.0,3.0,1,1,0,1,1,2,0,0,3,1,1,1,3,0,2,0,2,2,1,2,2,1
169,42.0,2.5,1,1,0,0,1,2,1,3,1,0,2,3,0,1,1,2,1,1,1,2,1,1
170,60.0,2.0,1,0,0,0,0,1,2,0,1,3,0,0,0,1,0,0,2,1,0,2,0,0
171,19.0,5.0,1,0,0,0,1,2,1,1,2,2,2,1,0,0,3,3,0,0,2,3,2,0
172,20.0,2.0,1,0,0,1,0,1,0,0,1,0,2,1,0,0,2,0,3,2,1,2,1,0
173,28.0,2.0,0,0,1,0,0,1,0,0,1,0,1,0,0,0,0,3,1,0,0,2,1,1
174,16.0,2.0,0,1,1,1,0,2,1,0,0,1,2,2,1,0,2,0,2,2,1,1,2,0
175,18.0,2.0,1,0,0,0,1,2,0,0,0,0,1,0,0,0,1,0,3,3,1,0,0,0
176,34.0,1.0,1,0,0,1,1,1,0,3,0,0,0,0,3,0,1,3,1,0,0,3,3,0
177,18.0,1.5,1,0,0,1,0,0,1,1,0,0,1,3,2,1,3,0,3,2,1,1,3,0
178,21.0,5.0,1,1,1,1,1,2,1,0,3,1,1,2,0,1,2,1,3,2,1,3,1,0
179,38.0,0.5,0,0,0,1,1,0,0,1,2,1,2,1,0,2,0,0,3,2,1,3,0,0
180,17.0,2.0,1,0,0,0,1,0,1,1,1,0,0,0,1,0,2,1,2,0,1,3,3,0
181,35.0,0.5,0,0,0,0,0,2,0,0,2,0,0,0,0,0,1,0,3,1,0,2,1,0
182,21.0,2.0,1,0,0,0,1,1,2,1,2,0,3,1,0,3,3,3,3,3,3,3,1,1
183,25.0,2.5,1,0,0,0,0,1,0,0,1,1,2,1,0,3,3,1,2,3,2,2,2,0
184,18.0,2.0,1,1,0,1,1,3,0,0,1,1,2,2,3,1,3,0,2,3,2,0,1,0
185,16.0,2.0,0,0,0,1,0,0,2,1,2,1,1,0,1,0,2,0,3,1,1,3,1,0
186,19.0,1.0,1,0,0,1,1,1,2,1,1,0,2,1,0,0,1,1,3,2,2,3,0,0
187,31.0,4.0,1,1,0,0,1,3,0,1,0,1,2,1,0,2,0,2,1,0,2,2,0,1
188,26.0,5.0,1,0,0,0,0,0,0,2,0,0,0,0,0,0,0,0,3,0,0,3,0,1
189,16.0,2.0,1,1,1,0,0,1,0,3,1,0,0,0,0,0,1,1,2,1,0,3,3,0
190,26.0,2.0,1,1,0,1,1,3,1,1,3,0,1,0,0,0,2,2,1,0,1,3,3,0
191,17.0,2.0,1,0,0,1,1,1,1,0,0,2,2,1,3,0,1,0,2,3,2,0,1,0
192,22.0,1.0,1,1,0,1,1,2,2,1,3,0,0,0,1,1,0,3,1,0,0,3,3,0
193,20.0,4.0,1,0,0,1,1,2,1,0,1,0,2,2,1,0,1,0,2,3,3,3,1,1
194,30.0,1.0,0,1,0,1,0,2,2,1,2,0,1,0,0,0,0,2,2,0,1,3,0,0
195,26.0,4.0,1,0,0,0,0,1,3,1,0,0,1,1,0,2,0,1,3,1,0,2,0,1
196,19.0,5.0,1,0,0,1,1,2,1,0,2,1,1,2,1,1,1,3,2,1,1,3,2,1
197,21.0,5.0,1,0,0,1,0,0,3,1,2,0,1,0,0,0,0,2,2,0,1,3,0,1
198,33.0,7.0,1,0,0,1,1,1,2,2,2,1,3,1,1,2,2,2,3,3,3,3,2,0
199,28.0,2.0,1,0,0,1,0,0,1,1,1,0,2,0,1,0,2,1,2,3,1,3,1,1
200,25.0,3.0,1,0,0,1,1,1,0,2,2,0,1,0,1,0,2,3,2,1,1,3,2,0
201,22.0,2.0,1,0,0,0,0,1,0,1,1,1,1,1,0,0,1,0,3,1,1,2,2,1
202,19.0,3.0,1,0,1,1,1,2,0,2,2,0,0,0,0,0,1,1,1,1,0,3,1,1
203,44.0,3.0,1,0,0,1,1,1,1,1,3,1,2,1,0,1,2,0,1,2,2,1,2,1
204,22.0,3.0,1,0,0,0,0,0,1,0,3,0,1,0,0,0,0,3,1,0,0,3,1,1
205,26.0,5.0,1,1,1,1,1,2,1,3,1,1,1,2,2,0,1,3,2,2,1,2,2,1
206,23.0,6.0,1,0,1,0,1,3,0,0,1,0,0,0,0,1,0,0,1,0,0,0,1,0
207,17.0,2.0,0,0,0,0,1,2,0,1,0,0,3,1,1,0,1,0,2,3,2,0,1,0
208,42.0,2.0,0,0,0,1,0,2,1,2,1,0,2,0,0,0,0,3,2,2,2,3,1,0
209,30.0,1.0,0,1,0,1,0,1,0,1,1,0,1,1,0,1,1,1,3,1,1,3,1,0
210,35.0,1.0,1,0,0,1,1,2,1,2,1,0,2,1,1,0,0,0,3,1,1,2,1,0
211,20.0,3.0,0,0,0,1,0,0,3,0,0,0,0,0,0,0,0,3,3,0,2,3,1,1
212,18.0,3.0,1,0,0,1,1,1,0,0,2,0,3,2,0,2,2,0,3,1,3,3,3,1
213,21.0,1.0,0,0,0,0,1,0,0,2,0,0,1,0,2,2,1,0,3,2,1,2,1,1
214,19.0,6.0,1,0,0,1,1,0,0,1,3,0,1,1,0,3,1,2,3,1,2,3,1,0
215,37.0,4.0,1,0,0,1,0,1,2,2,2,0,3,1,0,0,2,2,2,3,3,3,0,0
216,31.0,2.0,1,0,0,1,1,2,1,1,2,0,2,1,1,2,3,3,2,2,2,3,3,0
217,29.0,2.0,1,1,0,1,1,0,2,1,3,2,1,1,1,1,1,2,1,3,1,3,1,0
218,20.0,3.0,1,0,0,1,1,2,1,1,3,0,1,2,0,0,2,2,3,1,1,3,2,0
219,36.0,8.0,1,1,1,0,1,2,1,2,1,0,1,1,0,0,0,3,1,0,1,2,3,0
220,18.0,3.0,1,1,0,1,0,2,0,0,1,0,0,2,0,0,1,1,2,0,0,3,1,0
221,18.0,2.0,1,0,0,1,1,1,0,2,0,0,0,0,3,0,0,1,2,0,0,1,0,0
222,25.0,7.0,1,0,0,0,1,0,2,3,1,1,2,0,3,1,1,1,3,2,2,1,2,0
224,31.0,9.0,1,0,0,1,1,1,1,1,2,0,0,1,1,1,3,2,3,0,1,2,2,0
225,17.0,2.0,1,0,0,1,1,1,1,1,1,1,2,2,2,0,0,1,3,1,2,2,0,0
226,21.0,1.0,1,0,0,0,1,0,1,0,3,0,1,2,0,0,1,1,1,0,0,2,3,0
227,30.0,1.0,0,0,0,0,0,0,3,0,0,0,2,0,0,0,0,0,3,1,2,2,1,1
228,40.0,2.0,1,0,0,1,1,2,0,2,1,0,1,1,0,0,1,3,1,1,1,3,0,0
229,64.0,4.0,1,0,0,0,0,2,1,2,1,0,1,2,1,1,0,1,2,1,1,2,1,0
230,14.0,2.0,1,1,0,1,1,1,0,0,2,0,2,1,0,0,0,2,3,1,2,3,1,0
231,26.0,6.0,1,0,0,1,0,2,0,0,1,0,1,2,0,0,0,1,2,0,1,3,0,0
232,35.0,4.0,1,1,1,1,1,1,3,1,2,1,3,2,1,2,2,2,2,1,2,3,0,1
233,33.0,1.0,0,0,0,0,0,0,0,0,0,0,2,0,0,1,0,0,2,1,1,3,0,1
234,30.0,6.0,1,0,0,1,1,2,1,0,3,1,0,1,0,0,2,2,1,0,0,3,0,0
236,27.0,5.0,1,0,1,1,1,1,0,2,3,2,1,1,2,2,3,2,3,2,0,3,3,1
237,53.0,1.5,0,0,0,1,1,1,0,3,2,0,2,0,1,2,0,0,3,1,2,2,0,0
238,23.0,5.0,1,1,1,1,1,2,1,0,1,0,0,1,0,0,0,3,1,0,0,3,0,1
239,25.0,2.0,1,0,1,1,0,1,1,3,1,0,2,2,2,0,1,3,3,1,2,3,1,0
240,16.0,4.0,1,1,0,1,1,3,1,1,2,1,3,2,3,2,3,3,3,2,1,2,1,1
241,18.0,2.0,1,1,1,1,0,0,0,1,1,0,1,0,0,0,1,0,1,0,1,3,0,1
242,29.0,5.0,1,1,1,1,1,3,0,0,1,0,0,1,0,0,0,1,2,1,0,2,0,0
243,31.0,6.0,1,0,0,1,1,1,1,3,1,0,2,0,0,0,1,1,2,2,2,2,2,0
244,31.0,1.0,0,0,0,0,1,2,1,0,0,0,1,0,0,2,0,2,1,1,1,3,2,1
245,38.0,6.0,1,1,0,1,1,3,2,2,2,2,3,3,1,2,2,1,3,3,3,2,0,0
246,17.0,4.0,0,1,0,1,1,3,0,0,0,0,3,3,1,3,2,2,1,2,1,0,1,1
247,25.0,2.0,0,0,0,0,1,0,2,3,1,0,0,0,0,0,0,1,2,0,0,3,1,0
248,20.0,2.0,0,1,1,0,1,1,0,0,0,0,0,1,0,0,0,3,0,0,1,2,1,0
249,15.0,2.0,1,0,0,0,0,0,0,3,0,0,2,0,0,0,0,0,1,1,2,0,1,0
250,16.0,4.0,1,0,1,1,0,1,1,3,1,0,1,1,0,0,3,1,2,0,1,1,3,0
251,20.0,2.0,1,1,0,0,1,2,0,3,0,0,2,0,2,0,0,0,2,0,0,2,2,1
252,23.0,6.0,1,0,0,1,1,0,0,2,2,0,1,0,2,2,0,0,3,3,2,1,0,0
253,22.0,3.0,1,0,0,1,1,1,0,2,1,0,3,1,0,2,1,2,3,2,3,2,1,0
254,15.0,5.0,1,0,0,1,1,1,0,3,1,0,0,0,0,0,2,1,3,0,0,3,2,0
255,17.0,0.5,1,1,0,0,1,1,2,2,0,0,0,1,0,0,0,1,2,1,1,2,3,0
256,22.0,1.0,1,0,0,1,1,1,0,1,2,0,1,0,0,0,2,0,1,0,0,1,3,0
257,21.0,10.0,1,0,0,1,1,0,1,1,0,0,3,0,1,0,0,3,2,2,3,3,2,1
258,19.0,2.0,1,0,0,0,1,1,0,2,1,0,1,2,2,2,2,0,3,3,2,3,3,0
259,32.0,0.5,0,0,0,1,0,3,0,2,1,0,0,1,0,0,0,2,1,0,0,3,1,0
260,34.0,1.0,0,0,0,0,1,1,0,0,2,0,1,0,0,1,0,0,1,0,2,3,0,1
261,18.0,2.0,1,1,0,1,1,2,0,1,0,0,0,0,0,0,0,3,1,0,1,3,2,1
262,21.0,3.0,1,0,0,1,0,1,3,0,2,1,1,0,0,0,0,1,2,0,0,3,2,1
263,20.0,3.0,0,0,0,1,1,1,3,1,2,0,2,1,2,0,0,0,3,3,1,2,0,0
264,19.0,2.0,1,0,0,1,0,1,3,1,2,1,0,0,0,1,1,2,1,0,0,2,0,0
265,25.0,1.0,0,0,0,0,1,1,0,0,1,0,1,1,0,0,1,1,3,1,1,3,3,1
266,31.0,8.0,1,1,0,1,1,3,0,1,1,0,0,2,0,0,0,0,0,0,0,1,1,1
267,21.0,1.0,1,1,0,1,1,3,1,1,2,0,1,0,2,0,1,3,3,2,3,2,3,0
268,31.0,1.0,0,0,1,1,1,3,0,0,2,0,1,0,0,1,0,0,0,0,0,2,0,0
269,20.0,1.0,0,0,0,1,0,1,0,0,1,0,0,0,0,0,1,1,3,0,0,2,0,0
270,19.0,5.0,1,1,0,1,0,2,1,0,0,0,1,2,0,0,0,3,2,2,1,3,0,0
271,19.0,5.0,1,0,0,1,1,1,0,3,2,0,2,1,0,2,3,3,1,0,3,2,1,0
272,23.0,4.0,1,0,0,1,1,1,2,2,0,0,2,0,1,0,2,3,3,3,3,3,1,1
273,24.0,8.0,1,0,1,1,0,2,1,3,1,1,3,3,1,1,3,3,1,1,2,3,3,0
274,20.0,0.7,0,0,0,0,0,1,0,0,0,0,0,0,0,0,2,1,3,1,0,3,1,0
275,15.0,3.0,0,0,0,0,0,1,1,2,1,1,2,1,0,0,3,1,3,0,0,3,3,0
276,17.0,7.0,1,0,0,0,1,0,0,1,0,1,3,0,0,0,1,1,1,1,3,1,1,1
277,20.0,1.5,0,1,1,0,1,3,0,0,1,1,0,0,0,2,0,0,0,0,0,0,3,0
278,14.0,4.0,1,1,1,1,1,2,0,2,1,0,1,2,2,0,3,0,2,1,1,0,3,0
279,24.0,4.0,1,0,0,1,1,2,1,0,1,1,1,0,0,0,0,3,2,1,1,3,0,1
280,14.0,10.0,1,0,1,0,0,1,0,2,0,0,2,1,0,0,3,2,0,0,2,1,3,0
281,23.0,2.0,1,1,1,1,0,3,0,1,1,0,2,2,0,1,1,1,2,2,2,3,2,1
282,28.0,2.0,1,0,0,0,0,1,0,0,1,0,0,2,1,0,2,1,2,1,0,3,1,0
283,22.0,6.0,1,0,0,1,1,2,1,3,1,1,1,3,2,0,2,2,2,2,1,3,2,1
284,25.0,0.5,1,1,0,1,1,1,0,3,0,0,1,0,1,0,0,1,2,1,1,3,2,0
285,27.0,2.0,1,1,1,1,1,2,1,3,0,0,2,3,3,2,2,2,3,3,1,2,2,1
286,18.0,5.0,1,0,0,1,1,1,0,1,1,0,1,0,1,0,1,2,3,1,2,3,3,1
287,17.0,3.0,1,1,1,1,0,1,1,0,2,0,2,3,0,1,0,2,3,3,3,3,0,1
288,23.0,4.5,1,0,0,0,1,2,1,0,2,1,2,1,1,0,1,2,2,1,2,3,2,0
289,40.0,3.0,1,0,0,1,1,2,0,0,0,0,0,1,0,0,1,2,2,1,0,2,0,0
290,27.0,10.0,1,0,0,1,1,2,1,2,1,0,1,0,2,1,2,3,1,0,1,3,2,1
291,18.0,1.0,0,0,0,1,0,1,1,0,1,1,2,0,0,0,0,0,3,1,2,2,1,0
292,16.0,2.5,0,1,1,1,0,0,0,0,0,0,0,1,0,0,1,3,0,0,1,3,2,0
293,18.0,1.0,0,0,0,1,1,2,1,0,2,0,2,0,0,0,0,2,2,1,1,3,1,1
294,23.0,2.0,0,1,0,0,1,1,1,1,1,1,1,1,1,1,1,1,1,1,1,1,1,0
295,15.0,5.0,1,1,0,1,0,0,0,1,0,0,0,0,0,0,0,3,1,0,1,2,0,1
296,20.0,3.0,1,1,0,1,0,2,1,0,0,0,1,2,0,0,1,3,1,0,1,3,2,0
297,16.0,3.0,1,1,0,1,0,0,1,0,1,0,0,0,0,2,0,1,1,1,1,3,1,1
298,16.0,0.5,0,0,0,0,1,2,0,1,0,0,1,1,0,0,0,0,2,0,0,3,2,0
299,20.0,8.0,1,1,1,1,0,0,3,0,2,0,1,0,0,0,0,0,1,1,1,2,0,1
300,33.0,2.0,1,0,0,1,1,1,1,0,1,0,2,0,0,0,0,3,0,0,2,2,2,0
301,22.0,3.0,1,1,1,1,1,0,3,1,2,0,1,2,0,3,0,1,2,3,2,3,0,1
302,21.0,3.0,1,0,0,1,1,0,0,1,0,0,3,1,0,0,2,0,3,3,3,3,0,1
303,21.0,5.0,1,1,0,1,1,1,0,2,0,0,3,2,0,0,2,3,1,2,3,2,2,1
304,29.0,1.5,1,0,1,1,1,1,0,2,0,0,1,1,0,0,0,1,3,3,3,3,0,1
305,56.0,1.0,1,0,0,0,0,0,1,0,1,0,0,0,0,0,0,0,2,2,0,2,0,0
306,17.0,2.0,1,1,0,1,0,2,0,0,0,0,1,1,0,0,1,0,3,1,1,0,1,0
307,22.0,1.0,1,0,0,0,0,1,1,2,0,0,0,1,0,0,0,0,3,0,0,1,1,0
308,26.0,4.0,1,0,0,1,1,2,2,1,1,0,2,0,1,0,1,0,3,1,1,3,1,1
309,30.0,1.0,1,0,0,1,1,0,0,3,0,0,2,0,0,0,0,1,0,0,2,0,0,0
310,49.0,2.0,1,0,0,1,0,1,1,2,3,0,2,1,0,0,2,1,2,2,2,1,1,0
311,22.0,2.0,1,1,1,1,1,1,2,3,2,1,2,2,1,1,2,3,2,2,3,2,3,0
312,32.0,2.0,0,0,0,1,0,0,1,2,1,0,2,0,0,0,2,1,2,2,2,2,0,1
313,32.0,1.0,0,0,0,0,0,1,2,0,2,0,0,0,0,1,0,2,3,1,0,3,0,0
314,22.0,6.0,1,0,0,1,0,0,3,0,1,0,2,0,0,1,0,2,0,0,2,3,1,0
315,17.0,2.0,1,0,0,1,1,0,1,2,2,1,1,2,1,1,1,3,3,2,2,3,2,1
316,21.0,4.0,1,1,0,1,0,1,0,0,1,0,0,0,0,0,0,1,3,1,0,3,0,0
317,17.0,1.5,1,0,0,1,1,3,0,1,1,0,0,0,0,3,1,1,2,2,1,3,1,1
318,25.0,3.0,1,0,0,0,0,2,2,1,1,0,0,0,0,0,0,3,2,2,0,3,2,1
319,15.0,4.0,1,0,1,1,0,0,0,1,0,0,1,0,2,0,3,2,3,2,1,3,0,0
320,13.0,10.0,1,0,0,1,0,0,0,1,0,0,2,0,0,0,2,0,1,1,3,0,1,0
321,38.0,3.0,1,0,0,0,1,3,1,0,1,0,0,2,0,1,0,3,2,1,0,3,0,1
322,23.0,3.0,0,0,0,1,0,1,0,2,2,0,1,0,0,0,1,1,2,0,0,3,2,0
323,17.0,3.0,1,0,0,1,1,2,2,2,1,1,3,1,3,0,3,0,3,3,3,3,1,0
324,59.0,2.0,1,0,0,1,0,1,0,3,1,0,1,2,1,1,1,0,3,3,1,2,0,0
325,22.0,2.0,1,1,1,1,0,1,1,0,1,1,2,2,0,1,1,0,3,3,2,2,1,1
326,17.0,3.0,1,0,0,1,1,2,1,0,0,0,3,2,3,1,0,0,3,1,3,2,1,0
327,27.0,2.0,0,0,0,0,0,0,0,0,0,0,0,0,0,0,0,1,3,0,2,2,1,1
328,23.0,5.0,1,1,0,0,0,2,0,2,0,0,1,1,1,0,2,1,2,1,2,2,2,1
329,15.0,6.0,1,0,0,0,0,1,0,2,1,0,2,1,0,0,1,1,2,2,0,3,2,0
330,22.0,3.0,1,1,1,1,0,1,1,3,2,1,2,1,0,0,1,2,2,2,2,3,3,0
331,23.0,5.0,1,0,0,1,1,3,1,2,2,1,1,2,1,1,3,1,3,3,1,3,3,1
332,19.0,5.0,1,0,0,1,1,1,3,0,3,2,1,2,0,3,1,0,2,2,1,2,0,0
333,32.0,6.0,1,0,0,0,0,0,1,2,0,0,1,1,0,0,0,0,2,1,1,3,1,1
334,40.0,6.0,1,0,0,1,1,2,2,2,2,1,2,2,0,2,2,1,2,2,2,3,1,1
335,21.0,3.0,1,0,0,1,0,0,3,1,2,1,2,0,0,0,0,1,2,1,2,2,0,0
336,21.0,10.0,1,0,0,1,1,1,0,3,2,0,1,1,1,1,2,2,3,2,1,3,3,1
337,23.0,2.0,1,0,0,1,1,2,0,3,0,0,1,1,2,0,2,0,3,1,2,2,3,1
338,21.0,2.0,1,0,0,0,1,1,1,3,1,1,1,0,0,0,2,1,2,1,1,2,3,1
339,35.0,3.0,0,1,0,1,0,2,2,0,2,0,0,1,0,0,1,0,1,0,0,2,2,0
340,18.0,1.5,0,0,0,0,0,0,0,0,0,0,2,2,0,0,2,0,3,0,2,2,0,1
341,21.0,10.0,1,0,0,1,0,0,1,0,0,0,1,0,0,0,0,0,2,1,0,2,0,1
342,22.0,2.0,1,0,0,0,1,0,0,1,0,0,2,1,0,1,0,0,3,0,1,2,3,0
343,23.0,3.0,1,1,1,1,1,1,1,0,3,0,2,2,0,0,0,3,3,3,2,3,0,1
344,13.0,2.5,1,0,0,0,0,0,2,0,3,0,0,0,0,0,0,0,3,0,0,0,0,0
345,19.0,3.0,1,0,0,1,1,2,1,1,2,0,1,0,3,0,2,0,3,3,3,3,0,0
346,33.0,0.5,1,1,0,0,0,2,0,1,0,0,0,1,0,0,1,2,1,0,0,2,1,1
347,18.0,10.0,1,0,1,1,1,2,2,2,2,2,3,3,3,3,3,3,3,3,3,3,1,0
348,17.0,6.0,1,1,0,1,1,3,1,0,0,0,1,2,1,0,2,0,3,0,0,0,1,0
349,16.0,3.0,1,0,0,1,1,1,0,3,0,0,3,2,3,0,1,2,3,1,3,3,3,0
350,18.0,0.5,0,0,0,1,0,1,0,0,2,0,0,0,0,0,0,0,2,1,0,3,0,0
351,19.0,5.0,1,0,0,1,1,1,2,2,0,0,1,1,3,1,0,0,3,3,1,1,1,0
352,15.0,2.0,0,1,0,1,1,3,2,0,3,2,3,2,2,0,3,2,1,3,3,2,3,0
353,17.0,2.0,1,0,0,1,1,0,0,0,0,0,1,0,1,0,0,3,3,0,3,3,3,0
354,25.0,2.0,1,0,0,1,1,2,1,2,1,0,3,3,1,2,3,0,2,1,2,3,2,1
355,24.0,1.5,1,0,0,0,1,2,1,3,1,2,2,2,3,1,3,3,3,2,2,3,3,0
356,23.0,1.0,1,1,0,1,0,1,1,3,0,1,0,3,1,1,0,2,1,2,0,3,2,1
357,16.0,10.0,1,1,0,1,1,1,1,3,2,0,1,2,1,0,1,1,3,2,2,2,2,1
358,25.0,2.0,1,0,0,1,1,1,1,1,1,2,1,2,0,1,1,3,2,1,1,3,2,1
359,16.0,10.0,1,1,1,1,0,1,0,3,0,0,1,1,0,0,1,2,2,0,3,3,2,1
360,20.0,0.5,0,0,0,1,1,2,1,2,0,0,2,2,0,0,2,2,1,1,1,2,2,1
361,17.0,3.0,1,0,0,1,0,0,1,1,0,2,2,0,0,0,0,3,0,1,2,3,0,0
362,29.0,2.0,1,0,0,1,0,0,0,0,0,0,0,0,0,0,0,3,2,0,0,3,0,0
363,20.0,4.0,1,0,0,1,0,0,1,3,1,0,3,0,0,0,0,0,2,2,3,2,0,0
364,16.0,2.0,1,0,0,1,0,0,0,0,3,0,1,0,0,0,0,2,3,0,1,2,0,1
365,21.0,1.0,1,0,0,1,0,1,2,2,2,0,2,1,1,1,1,1,3,0,2,3,3,1
366,16.0,10.0,1,0,0,1,1,0,0,1,0,0,0,0,1,1,1,1,1,1,1,2,1,0
367,43.0,1.0,1,0,0,1,0,2,0,0,2,1,2,1,0,0,1,0,3,1,1,2,0,0
368,32.0,2.0,1,1,0,1,0,3,2,1,3,2,2,2,1,2,1,3,3,2,1,3,3,1
369,10.0,2.0,1,1,0,1,1,3,0,1,0,0,1,1,3,0,1,0,3,0,1,0,3,0
370,27.0,3.0,1,0,0,1,1,1,1,2,0,0,2,0,2,1,2,3,2,1,3,3,3,0
371,24.0,3.0,1,1,0,0,1,3,0,0,0,1,1,0,0,2,1,2,1,0,1,0,0,0
372,18.0,2.0,1,0,0,1,1,1,0,1,0,1,3,1,3,2,0,0,2,3,3,0,0,1
373,17.0,7.0,1,0,0,0,0,0,0,0,0,0,0,0,0,0,2,0,3,0,0,3,2,1
374,19.0,6.0,1,0,0,1,0,2,0,0,0,0,0,0,0,0,0,3,1,0,0,3,2,0
375,16.0,3.0,1,0,0,1,1,2,0,2,0,0,1,1,1,0,1,2,2,2,2,3,2,1
376,64.0,5.0,1,0,1,1,0,2,1,0,1,2,2,3,2,0,1,2,1,2,1,3,0,0
377,33.0,4.0,1,1,1,1,1,2,1,1,2,0,2,2,1,1,3,3,2,1,2,2,2,1
378,32.0,3.0,1,1,0,0,1,3,2,2,2,0,0,3,1,1,0,3,1,0,1,3,1,0
379,15.0,2.0,1,1,0,1,0,1,2,0,0,0,0,0,1,3,0,0,3,2,2,0,0,0
380,27.0,3.0,1,0,0,1,1,3,3,0,1,0,1,0,0,0,0,3,2,0,1,3,1,0
381,20.0,2.0,1,0,0,1,0,1,1,0,2,0,0,1,0,0,0,1,2,1,0,3,2,0
382,23.0,2.0,1,0,0,1,1,1,3,0,1,3,3,2,1,0,1,0,3,3,3,3,2,0
383,19.0,3.0,0,1,0,1,0,3,1,0,1,1,2,1,0,0,0,1,2,0,0,3,2,0
384,12.0,2.0,1,1,1,0,0,3,0,0,0,0,0,0,0,0,1,0,1,0,0,0,0,0
385,16.0,3.0,1,1,1,0,0,3,1,0,0,1,0,0,0,0,0,0,3,0,0,0,1,1
386,17.0,0.0,0,0,0,0,1,0,0,0,0,0,0,0,0,0,3,0,0,0,0,0,3,0
387,14.0,1.0,1,1,0,1,0,1,1,3,1,1,2,2,2,1,2,1,3,2,2,2,2,0
388,32.0,2.0,1,0,0,1,0,1,1,3,1,1,1,1,1,0,2,3,2,1,1,2,3,0
389,20.0,2.0,1,1,0,0,1,0,0,0,0,0,1,0,0,0,0,0,0,0,1,1,1,0
390,54.0,6.0,1,0,0,0,0,3,2,0,0,0,2,1,1,1,0,1,2,2,1,1,0,0
391,18.0,5.0,1,0,0,1,1,0,1,1,0,0,1,1,3,1,1,0,3,1,2,2,0,0
392,14.0,2.0,1,1,0,1,0,3,0,0,0,0,1,0,0,0,1,2,2,0,1,3,1,0
393,13.0,4.0,1,1,1,1,0,3,0,2,1,0,0,1,1,0,0,1,3,0,0,2,2,0
394,19.0,8.0,1,0,1,1,0,0,3,0,1,0,0,0,0,0,0,1,1,0,1,2,1,0
395,14.0,4.0,1,1,0,1,0,3,0,1,0,0,2,2,1,1,1,2,2,2,2,2,1,1
397,18.0,2.0,1,1,0,1,1,3,0,2,0,0,3,2,1,3,2,1,2,2,3,1,2,0
398,15.0,5.0,1,0,0,1,1,1,2,0,3,1,2,0,0,0,2,0,0,0,2,1,1,1
399,24.0,6.0,1,1,0,0,0,3,0,2,0,0,0,0,3,0,0,0,0,0,0,1,0,1
400,17.0,2.0,1,0,0,0,1,1,0,0,0,0,1,1,0,0,2,1,3,3,0,0,2,1
401,44.0,2.0,0,0,0,1,0,2,2,2,2,1,2,1,1,0,0,2,2,2,2,3,0,1
402,23.0,1.0,0,1,0,1,0,2,0,0,0,0,0,1,0,0,1,2,0,0,0,3,0,0
403,21.0,1.0,0,0,0,0,0,1,1,0,0,0,2,1,0,0,1,1,2,2,2,1,0,0
404,57.0,2.0,0,0,0,1,0,1,2,0,0,1,2,2,0,0,0,0,2,2,2,1,0,0
405,23.0,2.0,1,1,0,1,1,1,1,0,3,0,1,0,0,0,3,3,3,0,2,3,3,0
406,18.0,1.0,1,1,0,0,1,2,1,0,0,1,0,1,0,2,1,0,3,0,0,0,3,1
407,26.0,10.0,1,0,0,1,1,2,2,1,3,0,3,3,1,1,3,1,2,3,3,3,1,1
409,15.0,3.0,1,1,1,1,0,3,0,0,0,0,0,0,1,0,2,0,2,0,0,0,2,0
410,57.0,2.0,1,1,1,1,0,0,0,0,0,0,1,2,0,1,1,2,2,2,1,3,0,0
411,12.0,0.5,1,1,1,1,1,3,0,0,0,0,0,1,0,0,1,0,2,0,0,0,0,1
412,26.0,6.0,1,0,0,0,1,0,0,3,0,0,0,0,0,0,0,0,1,1,1,0,1,1
413,17.0,1.0,1,1,0,0,0,0,3,0,1,1,0,1,0,0,0,1,1,1,0,2,1,0
414,17.0,2.0,1,1,0,1,1,3,0,1,0,0,0,0,1,0,1,1,2,1,0,2,2,1
415,69.0,4.0,1,1,1,1,1,3,2,0,2,2,1,3,1,1,1,0,2,2,0,3,0,0
416,17.0,3.0,1,1,1,1,1,3,0,1,0,2,3,3,3,2,0,1,3,3,3,2,0,1
417,32.0,10.0,1,1,1,1,1,0,0,2,1,0,2,3,1,0,2,0,1,2,1,0,0,0
418,22.0,3.0,0,1,0,1,0,3,0,0,0,0,0,2,0,0,0,0,1,0,0,1,0,0
419,38.0,1.0,0,0,0,1,1,1,0,0,2,0,0,1,0,0,0,3,0,0,0,2,1,0
420,18.0,10.0,1,0,0,1,0,0,0,3,2,0,2,0,0,0,2,0,3,3,3,0,0,1
421,14.0,5.0,1,1,0,1,1,3,1,1,1,1,1,1,2,1,2,0,2,2,1,1,3,0
422,14.0,0.5,1,1,0,1,1,3,0,0,1,0,0,1,2,1,0,0,3,0,0,0,3,0
423,19.0,5.0,1,1,1,1,1,1,1,1,1,0,1,1,0,1,2,3,2,1,1,3,2,0
424,20.0,3.0,1,1,1,1,0,3,2,1,2,1,1,3,1,1,0,1,2,2,1,1,1,0
425,18.0,2.0,0,0,0,1,0,0,3,0,1,1,1,1,0,0,0,2,3,0,2,2,2,0
427,31.0,4.0,1,1,0,1,1,3,1,0,1,1,0,2,0,0,1,1,0,0,0,2,2,1
428,72.0,6.0,1,1,1,0,0,0,2,0,0,0,0,3,0,2,0,0,1,3,0,3,0,0
429,73.0,3.0,1,0,0,1,1,2,3,1,2,3,2,2,1,3,0,1,2,3,2,2,0,0
430,16.0,4.0,1,0,0,1,1,1,1,2,2,1,3,1,2,1,2,1,3,1,1,1,1,0
431,19.0,3.0,0,1,0,1,1,1,0,2,0,0,2,1,0,0,1,0,2,1,3,2,2,0
432,16.0,2.0,1,1,0,0,0,3,1,0,1,0,1,1,0,0,1,0,3,0,0,1,1,0
433,12.0,2.0,1,1,1,1,1,3,1,0,0,1,2,1,1,0,0,0,2,0,1,2,0,0
434,39.0,1.0,1,0,0,1,1,0,1,1,2,0,3,1,1,1,2,2,3,2,3,3,0,0
435,15.0,6.0,1,1,0,1,1,2,0,1,2,0,1,2,3,2,2,1,3,2,1,3,0,1
436,14.0,9.0,1,0,0,1,1,3,1,1,1,1,2,1,3,1,2,1,3,3,3,1,1,1
437,21.0,1.0,0,0,0,0,0,0,3,0,0,0,0,0,0,0,0,0,0,0,0,0,0,0
438,38.0,1.0,1,0,0,0,0,1,0,0,0,0,1,2,1,1,0,1,2,1,1,1,3,0
439,23.0,0.5,0,0,1,1,1,2,2,1,1,1,3,1,3,1,2,1,2,2,3,1,2,1
440,16.0,1.0,0,0,0,1,0,0,0,3,0,0,2,1,0,0,2,2,1,1,1,2,2,0
441,21.0,1.5,1,1,0,0,0,0,2,0,3,0,0,0,0,0,0,0,0,0,0,2,0,0
442,13.0,6.0,1,0,0,1,0,0,0,0,0,0,3,0,1,0,1,0,1,0,3,0,0,0
443,16.0,4.0,1,0,0,1,0,1,2,2,2,0,2,1,2,0,3,3,3,0,0,3,2,0
444,18.0,6.0,1,0,1,1,0,2,1,1,3,0,2,0,2,0,3,3,2,1,2,3,3,0
445,21.0,4.0,1,0,0,1,1,0,0,3,0,0,0,0,0,0,1,2,0,0,0,3,3,0
446,17.0,1.5,1,0,0,1,1,3,1,0,1,0,0,2,0,0,2,0,3,1,0,0,0,0
447,24.0,2.0,1,0,0,1,1,1,2,0,3,0,2,2,0,1,2,0,1,1,2,3,0,1
448,14.0,2.0,1,0,0,1,0,1,0,0,2,0,2,0,1,3,1,1,3,2,2,1,0,0
449,25.0,4.0,1,0,0,1,1,2,1,1,3,1,2,2,1,1,2,2,2,1,2,3,3,0
450,22.0,3.0,1,0,0,1,1,1,3,2,1,1,1,1,1,1,3,1,1,1,1,1,1,0
451,20.0,4.0,1,0,0,1,1,1,0,2,0,0,1,0,3,1,1,2,3,1,1,3,1,1
452,23.0,2.0,1,0,0,0,0,2,1,1,2,0,3,2,0,0,0,0,3,3,3,2,2,0
453,61.0,2.0,1,0,0,1,0,0,0,0,1,0,0,0,1,0,0,2,2,1,0,2,0,0
454,24.0,6.0,1,0,0,0,1,2,0,2,3,0,0,0,1,0,1,2,1,0,0,3,3,0
455,34.0,0.0,0,1,0,0,1,1,1,0,2,0,0,0,0,0,0,1,0,0,0,3,0,1
456,49.0,1.0,0,0,0,1,0,2,0,0,0,0,3,1,0,0,3,0,3,3,3,2,0,0
457,33.0,4.0,1,1,0,1,1,1,2,1,1,1,1,1,0,0,3,1,2,1,1,3,3,0
458,22.0,2.0,0,1,1,0,0,0,0,1,0,0,0,0,0,0,0,3,1,1,0,3,3,0
459,38.0,3.0,1,0,0,1,1,1,0,0,0,0,0,0,0,0,0,3,0,0,1,2,0,0
460,23.0,4.0,0,0,0,1,0,1,1,0,1,0,3,1,0,0,2,1,3,2,2,2,1,1
461,34.0,2.0,0,0,0,0,1,1,1,1,0,0,2,1,1,0,1,1,0,0,2,1,3,1
462,40.0,3.0,1,0,0,1,1,0,0,0,0,0,0,2,0,2,0,3,1,1,0,2,0,0
463,27.0,1.0,0,0,0,1,0,2,0,1,0,0,3,1,0,0,1,0,2,3,3,0,0,0
464,54.0,10.0,1,0,0,1,0,2,2,0,1,0,0,1,0,0,0,1,1,2,0,2,0,0
465,16.0,10.0,0,0,0,1,0,1,3,0,3,1,1,2,0,0,0,3,2,1,1,3,0,0
466,23.0,10.0,1,0,0,0,1,1,0,2,2,0,1,0,2,0,2,1,2,0,1,2,3,1
467,35.0,4.0,0,0,0,1,0,0,3,0,1,0,0,0,0,0,0,2,2,0,0,2,1,0
468,22.0,4.0,1,0,0,1,1,1,2,3,3,0,2,2,0,1,2,3,3,2,2,3,2,1
469,41.0,3.0,0,0,0,1,1,3,1,0,1,0,0,0,2,0,0,3,1,0,1,2,3,0
470,63.0,2.0,1,0,0,1,0,3,2,1,3,0,1,2,0,1,0,0,0,1,0,3,0,0
471,28.0,1.0,0,1,0,1,0,1,1,0,1,0,1,0,0,0,2,1,2,0,1,2,0,0
472,22.0,6.0,1,1,0,1,0,1,3,2,3,1,2,2,0,1,2,2,2,1,2,3,2,1
473,58.0,1.0,1,0,0,1,0,1,2,1,2,2,2,2,0,1,1,2,1,2,2,2,0,0
474,58.0,1.0,1,1,1,1,0,2,1,0,1,2,1,2,1,1,0,0,1,0,0,0,0,0
475,67.0,4.0,1,0,0,0,0,0,2,0,0,0,0,2,0,0,0,1,0,1,0,3,0,0
476,70.0,2.0,1,0,0,0,0,2,3,0,0,0,0,0,0,0,0,0,0,0,0,0,0,0
477,60.0,2.0,1,0,0,0,1,2,2,0,2,1,0,1,0,1,0,1,2,2,1,3,1,0
478,15.0,2.0,1,1,1,1,0,1,1,2,0,2,1,2,2,0,0,0,3,2,0,2,3,1
479,18.0,6.0,1,0,0,1,1,3,1,3,1,2,3,2,0,2,3,2,3,3,3,2,3,0
480,58.0,3.0,1,0,0,1,1,2,0,2,1,2,3,3,0,2,3,0,1,3,2,2,0,0
481,28.0,1.0,1,0,0,1,1,2,1,1,1,1,2,2,1,2,3,1,2,2,1,2,2,1
482,22.0,4.0,1,1,0,1,0,1,1,0,2,0,1,2,0,0,3,1,2,1,1,3,0,1
483,49.0,0.5,0,0,0,0,0,3,2,1,2,3,2,2,1,1,0,1,2,2,2,1,1,0
484,20.0,8.0,1,0,0,1,1,0,1,1,2,0,0,1,0,0,1,2,1,2,0,3,2,0
485,55.0,10.0,1,0,0,0,0,1,0,0,3,0,0,2,0,1,0,0,1,0,0,3,0,0
486,48.0,1.5,1,1,0,0,0,1,0,1,0,0,0,1,0,0,0,2,0,1,0,1,1,1
487,14.0,2.0,1,1,0,1,1,2,0,1,0,0,2,2,3,0,2,0,1,1,1,0,1,0
488,18.0,3.0,1,1,0,1,1,2,0,2,1,0,3,2,3,3,2,1,3,3,3,2,2,1
489,25.0,1.0,1,0,0,1,1,3,1,1,1,0,2,2,0,0,1,3,3,1,2,2,2,0
490,71.0,0.25,1,0,0,0,1,2,1,0,1,2,0,0,0,2,0,0,1,1,0,1,0,0
491,60.0,1.0,0,1,1,0,0,2,1,0,0,3,1,0,0,0,0,0,0,0,1,1,0,0
492,18.0,1.0,1,0,1,0,0,1,1,2,2,0,1,2,0,0,0,2,0,1,2,2,3,0
493,19.0,5.0,1,0,0,0,1,1,3,2,1,1,3,0,1,3,0,1,2,2,3,1,2,1
494,74.0,1.0,0,0,0,0,0,1,3,0,2,2,0,1,0,2,0,0,3,2,0,2,0,0
495,36.0,1.0,1,0,0,0,0,2,0,0,0,0,3,0,0,0,0,0,3,2,2,2,0,0
496,14.0,7.0,1,0,0,1,1,0,0,0,0,0,2,0,0,0,3,0,3,0,2,0,1,0
497,20.0,3.0,0,1,1,1,1,3,1,1,2,0,3,2,0,2,1,1,2,2,3,3,1,1
498,15.0,3.0,1,0,0,1,1,1,0,1,0,0,3,2,3,0,0,0,1,2,3,2,3,0
499,19.0,7.0,1,0,0,0,0,2,1,0,1,0,0,2,0,0,0,1,0,0,0,3,2,1
500,29.0,8.0,1,0,0,0,1,1,2,3,2,0,2,1,0,0,1,2,0,0,3,3,3,1
501,24.0,2.0,1,0,0,1,0,0,1,3,2,3,0,0,0,0,1,3,1,0,0,2,1,0
502,18.0,2.0,1,0,0,1,1,1,1,1,1,1,3,1,1,2,1,2,3,3,3,3,0,0
503,21.0,2.0,1,0,0,1,1,2,0,0,2,0,1,1,1,0,1,0,3,1,1,3,1,1
504,19.0,2.0,1,0,0,1,1,1,0,1,0,0,2,2,3,0,2,0,2,3,1,2,2,0
505,25.0,4.0,0,0,0,1,1,2,0,0,1,1,0,0,1,3,0,0,3,2,0,0,3,0
506,28.0,8.0,1,0,0,1,1,1,1,1,2,1,2,2,1,1,3,1,3,2,2,3,2,0
507,27.0,4.0,1,0,0,1,0,1,0,0,0,0,2,1,2,0,2,0,1,0,3,1,1,0
508,60.0,1.0,0,0,0,1,0,2,1,0,2,0,0,2,0,0,0,0,1,1,0,2,0,0
509,25.0,5.0,0,0,0,0,1,1,1,0,1,0,0,0,0,0,0,3,2,0,0,2,1,0
510,60.0,2.0,1,0,0,0,0,1,2,0,0,0,0,0,0,0,0,2,1,2,0,3,0,1
511,43.0,1.0,0,0,0,0,0,0,3,0,0,0,1,0,0,0,0,0,2,0,0,1,0,0
512,51.0,5.0,1,0,0,0,0,2,1,0,2,0,0,1,0,0,0,2,1,1,0,3,1,0
513,63.0,8.0,1,0,0,1,0,2,2,1,1,0,0,1,0,1,1,0,2,1,0,2,0,0
514,64.0,2.0,1,0,0,0,0,3,0,1,3,0,1,1,0,1,1,0,3,1,0,1,0,0
515,22.0,2.0,1,0,0,0,0,2,1,2,2,1,2,0,1,0,3,1,3,1,2,2,1,0
516,24.0,1.0,1,0,0,0,1,2,0,3,3,1,2,2,1,1,3,1,2,1,2,3,3,1
517,19.0,8.0,1,0,0,1,1,1,2,2,3,0,3,0,3,2,1,1,3,2,3,3,1,0
518,56.0,8.0,1,0,0,1,0,2,1,1,2,0,2,2,1,1,1,2,2,2,2,2,0,0
519,20.0,1.0,0,0,0,1,0,1,0,3,0,0,2,0,1,1,3,1,3,0,0,0,0,1
520,19.0,1.0,1,1,0,0,0,3,0,0,1,1,2,2,1,1,3,0,2,2,1,1,3,0
521,20.0,8.0,1,0,0,1,1,1,2,1,3,0,2,3,1,2,3,0,2,1,2,2,1,0
522,60.0,2.0,1,0,0,0,0,1,1,0,1,1,0,1,0,0,0,1,2,2,0,3,0,0
523,65.0,6.0,1,0,0,0,1,1,1,0,1,1,1,1,1,2,0,0,2,3,0,2,0,0
524,28.0,3.0,0,1,1,1,1,3,0,1,2,1,1,3,1,2,3,3,1,2,0,3,3,1
525,18.0,4.0,1,1,0,0,1,3,0,3,0,0,0,1,0,0,1,0,2,0,1,1,2,1
526,42.0,2.0,1,0,0,0,1,1,0,0,0,0,1,0,0,0,0,0,2,1,1,2,1,0
527,80.0,3.0,1,1,0,0,0,3,1,0,1,0,0,1,1,0,1,1,2,0,0,0,2,0
528,22.0,4.0,0,0,1,1,0,1,2,3,2,0,1,0,0,0,0,1,3,3,1,2,0,1
529,56.0,2.0,0,0,0,1,1,2,0,2,2,1,0,3,0,1,1,1,2,1,0,2,1,0
530,20.0,1.0,1,0,0,0,1,0,0,2,0,0,1,2,3,1,1,0,3,2,1,1,0,0
531,15.0,1.0,1,0,0,1,1,0,1,2,0,0,2,1,0,0,3,2,2,1,1,3,3,0
532,67.0,1.0,0,0,0,0,0,2,2,0,2,2,2,2,0,2,0,2,2,2,2,2,0,0
533,57.0,2.0,1,1,0,0,0,2,0,0,1,3,0,2,0,1,0,0,2,2,0,1,0,0
534,22.0,7.0,1,0,0,1,1,0,0,2,1,0,3,0,3,2,0,0,3,3,3,2,1,1
535,17.0,5.0,1,0,0,1,1,0,0,2,0,0,2,0,3,1,1,0,3,3,2,1,1,0
536,19.0,3.0,1,0,0,0,0,0,3,0,1,2,0,0,0,0,0,1,3,0,2,3,2,1
537,50.0,1.0,0,0,0,0,0,2,2,0,0,0,3,2,1,1,0,1,3,2,2,3,0,0
538,24.0,6.0,1,1,1,1,1,0,1,2,3,0,1,1,2,0,1,3,2,0,1,3,2,1
539,67.0,2.0,0,0,0,1,0,2,0,0,0,0,1,0,0,0,0,2,2,0,0,2,0,0
540,18.0,3.0,1,1,1,1,0,2,2,0,1,1,1,0,0,0,0,3,0,1,1,1,0,1
541,20.0,1.5,1,0,0,0,0,1,3,2,0,0,2,2,2,1,0,0,2,0,2,2,0,0
542,15.0,4.0,1,1,0,1,0,0,1,0,0,2,1,1,1,1,2,1,3,2,2,3,2,0
543,17.0,2.0,1,1,0,1,1,1,0,0,1,0,2,0,3,1,0,0,3,0,2,0,0,0
544,32.0,2.0,1,0,0,1,0,0,0,2,2,0,2,2,0,1,2,0,2,2,2,2,2,0
545,18.0,2.0,0,0,0,1,1,1,0,0,0,0,3,1,0,0,0,1,2,1,3,1,3,0
546,18.0,1.0,1,1,1,1,0,2,0,2,0,0,1,1,0,0,1,3,2,0,1,3,1,0
547,18.0,3.0,1,0,0,1,1,2,0,0,0,0,2,0,3,0,1,0,2,3,1,2,1,0
548,19.0,3.0,1,0,0,1,0,0,0,3,0,0,3,1,1,1,1,1,3,2,3,1,2,0
549,18.0,2.0,0,1,0,1,0,0,0,0,0,0,1,0,0,0,0,2,2,1,1,3,0,0
550,17.0,6.0,1,0,1,1,0,1,0,1,0,2,3,2,0,0,2,0,2,2,3,1,0,0
551,34.0,3.0,1,0,0,0,1,3,0,0,0,0,0,1,0,0,1,2,1,0,0,2,2,0
552,18.0,3.0,1,0,0,0,0,1,1,2,1,0,3,1,1,0,1,1,3,1,3,1,2,0
553,18.0,2.0,1,0,0,1,0,0,0,0,0,2,3,1,0,1,1,0,2,3,3,1,0,0
554,22.0,2.0,1,0,0,0,0,2,1,1,0,3,1,2,1,1,1,0,1,0,0,0,3,0
555,18.0,2.0,1,0,1,1,0,2,1,2,0,0,1,2,1,0,2,0,3,1,0,2,2,1
556,19.0,3.0,1,0,0,1,1,2,1,1,2,1,2,1,1,1,1,1,2,1,2,3,0,0
557,25.0,4.0,1,0,0,1,1,1,0,2,0,0,3,0,1,1,1,2,3,1,3,3,1,1
558,17.0,2.0,1,1,1,1,0,3,1,0,1,1,1,2,2,1,2,1,3,3,1,2,0,0
559,25.0,5.0,1,1,0,1,0,2,2,1,0,0,2,0,1,0,1,2,2,0,2,3,2,1
560,18.0,2.0,1,0,0,0,0,2,1,0,0,0,2,1,0,0,3,1,3,3,2,3,1,0
562,24.0,7.0,1,0,0,1,1,2,1,1,3,0,1,1,0,1,2,1,3,1,1,3,3,1
563,16.0,3.0,1,1,0,0,1,1,0,2,0,0,1,2,3,2,2,0,3,1,2,0,0,0
564,18.0,3.0,0,1,1,1,0,0,0,0,1,0,2,3,0,1,0,3,1,2,2,2,1,0
565,18.0,4.0,1,0,0,1,1,1,1,1,0,0,3,2,0,0,1,0,3,3,3,3,1,0
566,16.0,3.0,1,0,0,1,0,3,0,0,0,0,1,1,0,0,0,0,3,3,0,2,0,0
567,68.0,1.0,1,0,0,0,0,3,0,0,2,3,0,0,0,2,0,0,0,0,0,0,0,1
568,16.0,7.0,1,0,0,1,0,0,1,2,1,0,1,1,0,0,0,3,2,0,3,1,2,1
569,21.0,1.0,0,0,0,1,1,0,0,0,0,1,3,0,0,0,0,0,3,3,2,0,0,0
570,53.0,4.0,1,0,0,1,1,1,2,1,1,1,3,1,2,1,0,2,1,2,2,2,1,0
571,29.0,4.0,1,0,0,1,0,3,0,3,0,0,0,2,0,1,1,0,2,0,0,1,1,0
573,29.0,2.0,1,0,0,0,0,0,0,1,1,0,3,0,0,0,2,1,3,0,3,0,3,1
574,18.0,4.0,1,1,0,1,1,1,2,3,0,1,3,1,2,2,2,1,2,3,2,1,2,0
575,22.0,5.0,1,0,0,1,1,0,0,3,0,0,3,0,0,0,3,0,3,3,3,3,2,0
576,19.0,6.0,1,0,0,0,0,2,1,1,1,3,2,1,2,3,1,1,3,2,2,2,2,0
577,13.0,1.0,1,0,0,1,0,0,0,2,0,0,1,2,0,0,2,1,1,1,0,2,3,0
578,26.0,1.0,0,0,0,0,0,0,1,2,2,0,1,1,2,2,3,0,3,1,1,2,0,0
579,14.0,3.0,1,0,0,1,0,0,0,0,0,0,2,1,0,0,0,1,2,0,0,3,2,0
580,27.0,1.0,1,0,0,1,1,1,1,1,0,1,2,1,3,0,2,0,3,2,2,2,3,0
581,26.0,8.0,0,0,0,0,1,0,2,2,3,0,3,1,3,0,0,2,2,3,3,3,3,1
582,59.0,1.0,0,1,0,0,0,1,0,0,1,2,0,1,0,1,0,0,1,1,0,3,0,0
583,30.0,8.0,1,1,1,1,0,2,2,0,1,0,2,2,0,2,2,1,2,2,2,3,0,0
584,27.0,1.0,1,0,0,1,1,0,1,2,0,0,2,0,1,2,0,0,3,2,2,2,0,0
585,18.0,1.0,0,1,0,1,1,1,0,0,0,0,2,0,0,1,2,0,2,0,3,0,2,0
586,23.0,10.0,1,1,1,0,1,0,0,0,0,0,0,0,0,0,0,3,0,0,0,2,0,0
587,18.0,10.0,1,1,1,1,0,2,2,2,2,1,2,2,2,1,1,3,3,2,2,3,0,1
588,40.0,5.0,1,0,0,1,1,2,2,2,2,0,3,1,1,2,1,2,3,2,3,3,1,0
589,24.0,10.0,1,0,0,1,1,2,0,0,1,0,0,0,0,0,1,2,2,0,0,3,2,1
590,23.0,2.0,1,1,0,1,1,3,0,1,1,0,0,2,0,1,2,0,3,1,0,3,0,1
591,56.0,6.0,1,0,0,0,0,0,0,0,0,0,2,1,0,0,0,0,0,2,0,0,0,0
592,29.0,2.0,1,0,0,1,0,1,0,3,0,0,3,1,1,2,2,0,3,3,1,0,2,1
593,16.0,3.0,1,0,0,0,1,0,0,0,0,0,3,0,3,0,0,0,3,2,0,0,0,0
594,18.0,8.0,1,1,1,1,1,1,0,1,0,3,2,2,0,2,3,0,2,3,2,0,2,0
595,21.0,8.0,1,0,0,1,1,3,3,3,3,3,3,3,3,3,3,3,3,3,3,3,3,0
596,32.0,8.0,1,0,0,1,0,0,0,0,1,0,2,0,0,0,0,2,1,1,2,3,2,0
597,22.0,8.0,1,1,0,1,0,2,0,2,1,1,1,2,0,0,0,3,1,1,0,3,3,1
598,17.0,10.0,1,1,0,1,0,3,0,1,1,2,3,0,1,3,1,2,1,0,3,3,2,0
599,18.0,6.0,1,0,0,1,1,1,0,3,0,0,2,1,3,3,3,0,3,3,3,1,2,0
600,18.0,4.0,1,1,0,0,1,2,1,2,0,2,2,0,3,3,1,0,2,3,3,0,1,0
601,24.0,8.0,1,0,0,1,0,3,0,1,0,0,3,3,0,1,3,0,1,2,2,3,1,0
602,21.0,2.0,0,0,0,0,0,1,0,0,0,1,2,0,0,0,2,2,3,2,2,3,2,0
603,46.0,1.0,0,0,0,0,0,0,2,0,0,0,0,0,0,0,0,0,2,0,0,2,0,0
604,18.0,2.0,1,1,0,1,0,0,0,0,0,2,3,0,0,0,2,0,2,3,3,0,0,0
605,16.0,3.0,1,1,0,1,1,1,0,1,0,0,3,3,3,0,2,0,3,3,3,3,2,1
606,21.0,1.0,1,0,0,1,1,3,3,1,2,1,2,2,0,0,3,1,2,0,2,2,3,0
607,19.0,0.0,0,0,0,1,1,3,1,2,1,1,2,1,1,1,1,0,1,1,1,1,1,0
608,20.0,2.0,1,1,1,1,1,2,0,1,0,0,2,2,0,0,1,0,2,2,3,2,2,0
609,21.0,0.1,1,1,0,0,1,2,0,0,3,2,1,0,0,0,0,0,1,0,1,2,0,0
610,56.0,2.0,1,0,0,0,1,1,0,0,0,0,0,0,0,0,0,3,0,0,1,3,0,0
611,21.0,10.0,1,0,0,1,1,2,1,3,1,1,2,2,1,0,2,3,2,1,2,3,1,1
612,20.0,1.0,1,0,0,1,0,1,0,0,3,0,1,1,1,0,2,1,3,1,1,3,0,0
613,21.0,1.0,1,0,0,0,0,2,0,1,0,0,1,1,0,0,0,1,2,0,0,3,1,0
614,25.0,3.0,1,0,0,0,0,0,1,0,2,0,0,0,0,0,2,0,1,0,0,3,2,1
615,33.0,2.0,1,0,0,1,1,1,0,0,2,0,2,1,0,0,0,3,2,2,2,3,2,1
616,20.0,2.0,1,0,0,1,1,1,1,1,1,0,2,2,1,2,2,3,3,2,2,3,1,1
617,17.0,3.0,1,1,0,1,0,2,2,2,0,0,0,0,1,0,1,3,3,0,1,3,0,0
618,24.0,1.0,0,0,0,1,1,1,0,2,1,0,0,2,1,0,1,1,2,1,0,2,3,0
619,26.0,3.0,1,1,1,1,1,1,1,1,1,0,2,3,0,2,1,3,1,2,1,3,1,1
620,17.0,3.0,1,0,0,0,0,1,1,0,1,0,1,1,0,0,1,3,2,0,2,3,3,0
621,16.0,5.0,1,1,1,1,1,2,0,0,1,0,1,2,0,0,1,3,2,0,2,3,2,0
622,27.0,8.0,1,0,0,1,0,0,0,1,0,0,2,0,0,0,0,3,3,3,1,2,0,0
623,28.0,4.0,1,0,0,1,1,1,2,2,1,0,3,0,0,3,2,1,3,1,3,2,1,0
624,48.0,5.0,1,0,1,1,1,3,2,2,3,0,2,1,0,1,0,1,1,1,1,3,1,0
625,19.0,3.0,1,0,0,0,1,0,0,1,1,0,2,0,1,0,3,2,3,2,3,2,2,0
626,21.0,4.0,1,0,0,1,1,2,3,1,3,0,2,0,0,0,1,2,3,2,2,3,1,1
627,21.0,1.0,1,1,0,0,0,3,0,0,0,0,0,0,0,0,0,0,0,0,0,0,1,0
628,15.0,4.0,1,0,0,1,1,1,0,2,1,0,1,0,1,0,0,3,2,2,2,3,1,1
629,20.0,1.0,0,0,0,1,1,2,2,1,3,1,1,3,0,0,0,0,3,1,1,3,0,0
630,21.0,2.0,1,1,0,0,1,2,0,1,2,1,0,1,0,2,2,1,3,2,0,3,3,0
631,22.0,6.0,1,0,0,1,0,0,1,2,3,0,1,1,0,2,2,0,1,1,1,3,2,1
632,22.0,2.0,0,0,0,0,0,1,0,0,0,0,1,1,1,0,0,3,3,0,0,3,2,0
633,31.0,1.0,1,0,0,1,0,3,1,2,1,0,1,1,1,1,2,2,2,0,3,3,3,1
634,20.0,4.0,1,1,0,1,0,1,2,0,0,0,0,1,0,0,0,3,0,0,0,3,2,0
635,49.0,8.0,1,1,1,0,0,3,0,0,0,0,0,1,0,0,0,1,1,0,0,1,0,1
636,42.0,2.0,1,0,0,1,1,2,1,0,0,1,1,0,2,2,1,3,3,2,0,3,3,1
637,26.0,2.0,1,0,0,1,1,1,2,3,2,0,2,1,0,2,1,1,2,1,2,3,0,0
638,17.0,10.0,1,0,1,1,1,1,2,1,1,0,3,0,3,1,2,3,3,2,3,3,2,0
639,30.0,0.0,0,0,0,0,0,1,0,1,0,0,0,0,0,0,0,2,0,0,1,1,1,1
640,23.0,6.0,1,0,0,1,1,2,2,1,2,0,2,2,2,1,1,1,2,2,2,2,1,1
641,30.0,3.0,1,0,0,1,1,1,0,3,0,1,2,0,3,0,0,1,3,2,2,2,0,0
642,31.0,2.0,1,0,0,0,1,1,2,0,3,0,1,1,0,0,0,3,3,3,1,3,2,0
643,42.0,0.25,0,1,0,1,1,3,1,0,0,0,0,2,0,1,0,1,2,1,1,2,0,1
644,16.0,4.0,1,0,0,1,1,2,0,3,0,0,0,0,1,0,0,0,0,0,0,0,2,1
645,34.0,2.0,0,0,0,1,0,2,1,0,2,0,1,1,1,1,0,3,2,1,1,3,0,1
646,21.0,2.0,1,0,0,1,0,2,0,3,1,0,1,1,1,2,1,2,3,3,1,2,2,0
647,27.0,3.0,1,0,0,0,0,1,1,1,1,0,3,1,1,1,1,1,3,3,2,2,1,0
648,18.0,6.0,1,0,0,1,1,0,3,3,3,2,2,1,1,1,2,2,3,2,2,3,2,0
649,26.0,3.0,0,0,0,1,0,1,3,0,3,1,2,2,0,0,1,3,1,1,2,3,1,0
650,37.0,2.0,1,0,0,1,0,0,0,0,0,0,1,0,0,0,0,2,2,1,1,2,0,1
651,26.0,5.0,1,1,0,1,1,2,1,1,3,0,3,3,0,1,1,2,2,2,3,3,1,1
652,19.0,4.0,0,0,0,0,1,0,0,2,0,0,2,2,2,2,1,0,3,2,2,2,2,0
653,22.0,4.0,1,0,0,1,0,0,1,0,0,0,1,0,0,0,1,2,3,1,1,3,3,1
654,43.0,0.0,0,0,0,0,0,1,0,0,0,0,1,0,0,0,0,0,2,1,1,2,0,0
655,24.0,10.0,1,1,1,1,0,2,1,0,2,1,1,1,0,1,0,3,3,1,1,3,3,1
656,21.0,0.5,0,0,0,0,0,0,0,0,0,0,0,0,2,0,0,0,2,0,0,0,0,0
657,28.0,1.0,1,0,0,0,0,1,1,0,1,0,0,0,0,0,0,0,2,0,0,2,0,0
658,23.0,3.0,1,0,0,1,1,3,0,0,3,0,3,3,0,1,3,1,3,3,3,2,1,1
659,20.0,10.0,0,0,0,1,1,0,2,1,2,2,2,2,1,0,0,2,3,2,2,3,2,1
660,17.0,4.0,1,1,1,0,0,0,1,3,0,0,0,1,0,0,1,3,2,0,0,3,2,0
661,19.0,3.0,1,0,0,0,0,1,1,1,1,1,1,1,1,0,0,0,2,2,2,2,1,0
662,32.0,1.0,1,0,0,1,1,2,2,2,2,0,1,0,3,1,0,3,1,1,2,3,1,1
663,18.0,4.0,0,0,0,1,1,2,3,2,3,1,2,2,0,0,2,3,3,1,1,3,3,0
664,20.0,2.0,1,1,1,1,0,2,1,0,1,0,0,1,1,0,0,0,3,0,0,3,2,0
665,27.0,3.0,1,0,0,1,1,1,0,3,1,0,1,1,0,0,3,3,1,1,1,3,3,1
667,26.0,1.0,1,0,0,1,1,1,1,2,2,0,0,0,0,1,3,1,3,1,1,3,2,0
668,24.0,2.0,1,0,0,1,1,0,0,0,0,0,2,1,1,0,1,0,3,3,2,1,1,0
669,20.0,1.0,1,0,0,1,1,2,0,1,0,2,0,1,3,0,2,0,3,2,0,1,0,1
670,21.0,0.5,1,0,0,1,1,0,1,0,1,0,1,1,1,0,2,0,3,1,1,2,1,0
671,16.0,2.0,1,0,0,0,0,3,0,0,0,0,0,0,0,0,0,0,1,0,1,0,3,0
672,21.0,10.0,1,1,1,1,1,1,1,2,1,1,3,2,1,1,3,3,3,2,3,3,3,0
673,27.0,10.0,1,1,1,1,1,3,0,0,3,1,1,3,1,1,2,2,2,2,1,2,2,1
674,17.0,5.0,1,1,0,1,0,3,1,1,2,1,3,3,0,1,3,2,2,3,3,3,2,0
675,21.0,1.5,1,1,0,1,1,3,1,3,3,2,2,3,0,1,2,1,3,1,2,2,2,0
676,17.0,2.0,1,0,0,1,1,3,2,0,3,2,1,3,0,2,2,0,3,1,0,2,1,0
677,21.0,3.0,0,0,0,1,1,2,0,0,1,0,3,0,0,0,2,1,2,2,3,1,2,1
678,17.0,2.0,0,0,1,1,0,2,2,2,3,1,2,2,0,0,0,2,2,2,2,3,2,1
679,36.0,3.0,1,0,0,0,1,3,3,2,0,0,1,0,3,2,0,0,1,2,0,0,0,0
680,18.0,4.0,0,0,0,1,1,1,0,1,0,2,3,0,3,0,1,0,3,3,3,0,0,1
681,18.0,1.0,0,0,0,0,1,0,0,1,0,0,3,0,3,0,2,0,2,2,1,1,0,0
682,18.0,5.0,1,1,0,1,1,3,2,1,0,0,2,1,2,3,2,0,3,2,1,2,0,0
683,18.0,2.0,1,0,0,1,0,0,0,0,0,0,2,0,3,0,0,0,3,3,3,0,0,0
684,18.0,7.0,1,0,0,1,1,3,1,0,0,1,3,3,1,0,2,0,2,2,2,1,1,0
685,18.0,2.0,1,0,0,1,1,1,0,1,0,0,2,1,1,0,2,0,2,1,3,0,1,1
686,18.0,1.0,1,0,0,0,0,2,2,1,1,1,2,2,1,1,3,0,1,1,1,1,1,0
687,18.0,1.0,0,1,0,0,0,3,0,2,0,0,2,1,0,0,0,0,2,0,1,0,1,0
688,18.0,4.0,1,0,0,0,0,0,1,0,0,0,3,0,0,0,3,0,2,3,2,0,0,0
689,20.0,6.0,1,0,0,1,1,1,0,0,1,0,2,0,2,2,2,0,3,3,3,0,1,0
690,19.0,3.0,1,0,0,1,0,2,0,1,0,0,3,1,1,0,2,0,3,3,3,0,1,1
691,17.0,4.0,1,0,0,1,0,2,0,0,0,0,3,0,0,0,3,0,2,0,3,0,0,0
692,23.0,4.0,1,0,0,1,1,1,1,3,1,1,1,1,1,0,3,2,2,2,2,2,3,1
693,18.0,1.0,1,1,1,1,0,0,1,0,2,1,1,0,2,0,2,0,3,1,2,2,0,0
694,19.0,2.0,1,1,0,1,1,1,0,2,0,0,0,0,2,0,0,1,3,0,1,2,2,1
695,89.0,10.0,1,1,1,0,0,0,0,1,1,0,3,2,0,0,1,1,1,2,3,1,0,0
696,20.0,5.0,1,1,1,1,1,3,2,0,2,0,3,1,3,3,3,0,3,3,3,3,2,0
697,16.0,3.0,0,1,0,1,1,1,0,0,1,0,2,2,0,2,0,0,0,2,2,3,0,0
698,17.0,4.0,1,1,1,1,1,2,3,0,0,0,1,2,3,1,2,0,3,1,1,2,0,0
699,16.0,9.0,1,0,0,0,1,1,0,0,1,0,0,0,1,1,0,3,2,1,1,3,0,1
700,20.0,1.0,1,0,0,0,1,2,1,1,1,1,2,1,0,0,1,1,3,1,2,1,3,1
701,30.0,1.0,1,1,0,1,1,2,1,1,1,1,1,1,2,0,2,2,3,1,1,3,2,1
702,37.0,2.0,1,0,0,1,0,2,2,0,2,0,1,2,0,0,0,1,2,1,1,2,2,0
703,44.0,1.5,0,0,0,0,0,1,3,0,3,1,2,0,0,0,0,0,1,1,2,2,0,0
704,21.0,2.0,1,1,0,1,1,0,1,1,0,0,0,0,0,0,0,3,1,0,2,3,1,1
705,19.0,4.0,1,1,0,1,0,2,2,0,1,0,0,0,0,0,2,0,3,0,0,0,0,0
706,23.0,1.0,1,1,0,1,1,1,1,2,2,0,2,1,1,0,2,2,3,2,2,3,3,0
707,26.0,1.0,0,0,0,1,0,2,3,2,1,0,1,0,0,0,0,1,2,0,0,2,1,0
708,18.0,3.0,1,0,0,1,1,2,0,0,0,0,1,2,0,0,1,1,1,1,1,2,3,0
709,35.0,4.0,1,1,1,1,0,2,1,1,2,0,3,3,0,2,3,1,3,3,3,2,3,1
710,16.0,8.0,1,1,1,1,0,3,0,1,2,0,0,1,1,1,1,1,2,1,0,3,2,1
711,19.0,5.0,1,0,0,1,1,0,0,3,0,0,1,0,0,0,0,3,1,0,1,3,2,0
712,23.0,3.0,1,0,0,0,0,0,0,0,1,0,0,2,0,0,1,0,2,1,0,3,0,0
713,17.0,8.0,1,0,0,1,1,1,0,3,0,0,2,1,0,0,3,0,3,0,1,1,3,0
714,29.0,1.0,0,0,0,1,0,2,3,0,2,2,2,1,0,1,0,1,2,1,1,3,0,0
715,21.0,4.0,1,1,1,0,0,1,2,0,2,2,1,2,0,0,0,0,2,2,1,2,0,0
716,17.0,1.0,0,0,0,1,1,2,0,0,1,0,1,1,1,2,1,3,2,0,1,3,1,1
717,23.0,2.0,0,0,0,1,1,1,0,1,1,0,2,0,1,1,1,3,2,2,2,3,0,1
718,17.0,1.0,1,1,0,1,1,1,0,1,2,0,0,0,0,3,3,3,2,0,0,3,3,0
719,22.0,3.0,1,0,0,1,1,1,1,2,2,0,1,2,1,1,1,2,3,1,1,2,3,1
720,17.0,5.0,1,0,0,1,0,1,2,3,0,2,3,0,2,0,2,1,3,3,3,1,1,1
721,19.0,5.0,1,1,0,1,1,3,2,1,0,1,1,1,3,2,3,1,3,1,1,2,1,1
722,19.0,4.0,1,0,0,1,1,2,1,2,0,0,2,2,1,1,2,2,3,2,2,2,2,0
723,16.0,6.0,1,0,0,1,1,1,1,2,1,0,3,2,3,3,1,0,3,3,3,0,0,1
724,19.0,6.0,1,0,0,1,1,1,1,1,0,0,2,2,2,1,2,0,3,1,1,1,2,0
725,13.0,1.0,1,0,0,1,0,1,2,0,1,0,3,1,1,1,3,3,3,0,2,2,3,1
726,18.0,10.0,1,0,0,1,0,2,1,3,0,1,2,2,0,0,2,2,1,2,2,2,2,1
727,26.0,1.0,1,0,0,1,1,2,1,2,3,0,0,1,0,0,1,3,1,0,0,0,1,0
728,14.0,7.0,1,1,0,1,0,1,3,2,2,3,2,0,0,0,1,2,3,2,2,3,1,0
729,21.0,0.5,0,0,0,1,0,0,1,2,0,0,2,1,2,0,3,0,3,2,2,3,0,0
730,21.0,2.0,1,0,0,1,1,2,0,2,1,0,0,2,3,0,2,1,2,3,2,2,2,0
731,17.0,2.0,1,1,0,1,1,3,1,0,2,0,2,1,0,2,1,1,3,0,1,3,0,0
732,18.0,1.0,1,1,0,1,1,1,1,0,0,0,0,1,0,0,1,0,3,0,0,2,2,0
733,19.0,6.0,1,0,1,1,0,1,2,2,1,1,3,1,1,1,2,1,2,2,2,1,1,0
734,19.0,5.0,1,1,0,0,0,3,0,0,0,0,0,1,0,0,0,0,0,0,0,0,2,0
735,29.0,2.0,1,0,0,1,1,2,1,3,2,1,3,3,2,0,1,0,2,3,3,3,1,0
